"","DAE","weightInf","weightFree"
"1",21,0.06,0.0715091
"2",21,0.06,0.0662547
"3",21,0.11,0.0747931
"4",27,0.2,0.3368074
"5",27,0.2,0.3952256
"6",27,0.21,0.252096
"7",38,2.13,2.32250724
"8",38,3.03,1.716322365
"9",38,1.27,1.2189231
"10",49,6.13,11.77610963
"11",49,5.76,13.61915068
"12",49,7.78,12.14629309
"13",65,17.05,33.10677204
"14",65,22.48,24.96482256
"15",65,12.66,34.65775608
"16",186,21.51010032,38.83299116
"17",186,26.25886863,27.83750163
"18",186,27.67733188,37.71654267
